<?xml version="1.0" encoding="UTF-8"?><rdf:RDF
	xmlns="http://purl.org/rss/1.0/"
	xmlns:rdf="http://www.w3.org/1999/02/22-rdf-syntax-ns#"
	xmlns:dc="http://purl.org/dc/elements/1.1/"
	xmlns:sy="http://purl.org/rss/1.0/modules/syndication/"
	xmlns:admin="http://webns.net/mvcb/"
	xmlns:content="http://purl.org/rss/1.0/modules/content/"
	>
<channel rdf:about="/">
	<title>Short Life</title>
	<link>/</link>
	<description></description>
	<dc:date>2025-01-06T17:12:12Z	</dc:date>
	<sy:updatePeriod>
	hourly	</sy:updatePeriod>
	<sy:updateFrequency>
	1	</sy:updateFrequency>
	<sy:updateBase>2000-01-01T12:00+00:00</sy:updateBase>
	<admin:generatorAgent rdf:resource="https://wordpress.org/?v=6.6.2" />
	<items>
		<rdf:Seq>
					<rdf:li rdf:resource="/gs/the-binding-of-isaac-demo.html"/>
				</rdf:Seq>
	</items>
</channel>
<item rdf:about="/gs/the-binding-of-isaac-demo.html">
	<title>The Binding Of Isaac Demo</title>
	<link>/gs/the-binding-of-isaac-demo.html</link>

	<dc:creator><![CDATA[admin-pl]]></dc:creator>
	<dc:date>2025-01-06T09:40:53Z</dc:date>
			<dc:subject><![CDATA[Must-Play Games]]></dc:subject>

			<description><![CDATA[]]></description>
		<content:encoded><![CDATA[]]></content:encoded>
	
	</item>
</rdf:RDF>
